Motif getting matched	(sequence)            	RDM_log_high_likelihood       		RDM_log_high_post             		RDM_mid_high_likelihood       		RDM_mid_high_post             		RDM_stat_high_likelihood      		RDM_stat_high_post            		minLIV_log_high_likelihood    		minLIV_log_high_post          		minLIV_mid_high_likelihood    		minLIV_mid_high_post          		minLIV_stat_high_likelihood   		minLIV_stat_high_post         		min_log_high_likelihood       		min_log_high_post             		min_mid_high_likelihood       		min_mid_high_post             		min_stat_high_likelihood      		min_stat_high_post            
RDM_log_high_likelihood Motif 0	(ACGGGTCTAAGTT)	0: ACGGGTCTAAGTT (0.00)		1: TTTGACCTTAAAAACATAAC (7.54)		3: CTGCCTCGACTATTAGTAAC (8.55)		3: CTGCCTCGACTATTAGTAAC (8.55)		None		None		None		None		0: AGATTCATGTCCCCCATTGA (8.45)		0: AGATTCATGTCCCCCATTGA (8.45)		None		None		0: ATAATATATATTAT (6.90)		0: ATAATATATATTAT (6.90)		4: GTCATGGTCGTCGTGGTA (7.95)		4: GTCATGGTCGTCGTGGTA (7.95)		3: GACCGTAGGTGATGATTATA (8.36)		3: GACCGTAGGTGATGATTATA (8.36)
RDM_log_high_likelihood Motif 1	(ATAGGACGGGTGAGGAA)	1: ATAGGACGGGTGAGGAA (0.00)		0: CTCGTGCTAAGAGGC (7.81)		None		None		None		None		None		None		None		None		None		None		None		None		3: GGTCATTCTTGAAGCTAATG (7.73)		3: GGTCATTCTTGAAGCTAATG (7.73)		0: GGTAGAATATTCTGCTA (7.13)		0: GGTAGAATATTCTGCTA (7.13)
RDM_log_high_likelihood Motif 2	(GGCATTAGAAAATATAATG)	2: GGCATTAGAAAATATAATG (0.00)		2: TACCTCAAGTTGATATCACT (8.03)		0: TTAGCAGCATACTCTGCTAA (8.25)		0: TTAGCAGCATACTCTGCTAA (8.25)		1: AGAATATTCTGCTACCGCA (8.51)		1: AGAATATTCTGCTACCGCA (8.42)		0: AAGAAAATTATAATATAAA (7.47)		0: ATATAAAATTATATATAAT (7.33)		None		None		0: GTTAGCAGAAAATGTTGTC (7.33)		0: TAGAATATTCTGCTAC (7.89)		None		None		0: TAGTGTTTTATACTG (6.85)		0: TAGTGTTTTATACTG (6.85)		5: ACAGTAGGAAAAGGAACA (7.28)		5: ACAGTAGGAAAAGGAACA (7.28)
RDM_log_high_likelihood Motif 3	(CCGTTTCATAGTCAAAAATC)	3: CCGTTTCATAGTCAAAAATC (0.00)		None		1: AAAAATCTGAGGAAAAGGT (8.62)		1: AAAAATCTGAGGAAAAGGT (8.62)		None		None		None		None		None		None		None		None		None		None		1: AGACTGTTTAAACGGAAAA (7.79)		1: AGACTGTTTAAACGGAAAA (7.79)		1: TCTCTAAATTAGA (8.02)		1: TCTCTAAATTAGA (8.02)
RDM_log_high_likelihood Motif 4	(AATCACTTTTGCTTATCTTG)	4: AATCACTTTTGCTTATCTTG (0.00)		None		2: ATTACATATTGCTCCACTGT (7.32)		2: ATTACATATTGCTCCACTGT (7.32)		0: ATAGTGTATTAATCTATTC (8.26)		0: ATAGTGTATTAATCTATTC (8.31)		1: TTACTAATGTTTATTTAAA (8.28)		None		None		None		1: AGCAGAATAATCTACCT (7.83)		None		None		None		2: TCGCTATTTCCGCACTTC (9.08)		2: TCGCTATTTCCGCACTTC (9.08)		2: CAATATAACGTTCAATTCTT (8.27)		2: CAATATAACGTTCAATTCTT (8.27)
RDM_log_high_post Motif 0	(CTCGTGCTAAGAGGC)	1: ATAGGACGGGTGAGGAA (7.81)		0: CTCGTGCTAAGAGGC (0.00)		0: TTAGCAGCATACTCTGCTAA (8.34)		0: TTAGCAGCATACTCTGCTAA (8.34)		1: AGAATATTCTGCTACCGCA (9.05)		1: AGAATATTCTGCTACCGCA (9.13)		None		None		None		None		None		None		None		None		3: GGTCATTCTTGAAGCTAATG (7.46)		3: GGTCATTCTTGAAGCTAATG (7.46)		1: TCTCTAAATTAGA (7.26)		1: TCTCTAAATTAGA (7.26)
RDM_log_high_post Motif 1	(TTTGACCTTAAAAACATAAC)	0: ACGGGTCTAAGTT (8.44)		1: TTTGACCTTAAAAACATAAC (0.00)		1: AAAAATCTGAGGAAAAGGT (8.39)		1: AAAAATCTGAGGAAAAGGT (8.39)		None		None		0: AAGAAAATTATAATATAAA (8.04)		None		0: AGATTCATGTCCCCCATTGA (8.14)		0: AGATTCATGTCCCCCATTGA (8.14)		0: GTTAGCAGAAAATGTTGTC (8.24)		0: TAGAATATTCTGCTAC (7.95)		None		None		0: TAGTGTTTTATACTG (7.73)		0: TAGTGTTTTATACTG (7.73)		3: GACCGTAGGTGATGATTATA (8.03)		3: GACCGTAGGTGATGATTATA (8.03)
RDM_log_high_post Motif 2	(TACCTCAAGTTGATATCACT)	4: AATCACTTTTGCTTATCTTG (8.19)		2: TACCTCAAGTTGATATCACT (0.00)		2: ATTACATATTGCTCCACTGT (9.46)		2: ATTACATATTGCTCCACTGT (9.46)		0: ATAGTGTATTAATCTATTC (8.12)		0: ATAGTGTATTAATCTATTC (8.17)		1: TTACTAATGTTTATTTAAA (7.48)		0: ATATAAAATTATATATAAT (7.43)		None		None		1: AGCAGAATAATCTACCT (8.07)		None		0: ATAATATATATTAT (7.94)		0: ATAATATATATTAT (7.94)		1: AGACTGTTTAAACGGAAAA (8.09)		1: AGACTGTTTAAACGGAAAA (8.09)		0: GGTAGAATATTCTGCTA (8.34)		0: GGTAGAATATTCTGCTA (8.34)
RDM_mid_high_likelihood Motif 0	(TTAGCAGCATACTCTGCTAA)	2: GGCATTAGAAAATATAATG (8.25)		0: CTCGTGCTAAGAGGC (8.34)		0: TTAGCAGCATACTCTGCTAA (0.00)		0: TTAGCAGCATACTCTGCTAA (0.00)		0: ATAGTGTATTAATCTATTC (7.35)		0: ATAGTGTATTAATCTATTC (7.42)		0: AAGAAAATTATAATATAAA (6.69)		0: ATATAAAATTATATATAAT (7.32)		None		None		1: AGCAGAATAATCTACCT (6.07)		None		None		None		2: TCGCTATTTCCGCACTTC (7.89)		2: TCGCTATTTCCGCACTTC (7.89)		0: GGTAGAATATTCTGCTA (6.24)		0: GGTAGAATATTCTGCTA (6.24)
RDM_mid_high_likelihood Motif 1	(AAAAATCTGAGGAAAAGGT)	3: CCGTTTCATAGTCAAAAATC (8.74)		2: TACCTCAAGTTGATATCACT (8.85)		1: AAAAATCTGAGGAAAAGGT (0.00)		1: AAAAATCTGAGGAAAAGGT (0.00)		1: AGAATATTCTGCTACCGCA (8.49)		1: AGAATATTCTGCTACCGCA (8.50)		None		None		0: AGATTCATGTCCCCCATTGA (8.29)		0: AGATTCATGTCCCCCATTGA (8.29)		None		None		None		None		1: AGACTGTTTAAACGGAAAA (8.40)		1: AGACTGTTTAAACGGAAAA (8.40)		1: TCTCTAAATTAGA (8.49)		1: TCTCTAAATTAGA (8.49)
RDM_mid_high_likelihood Motif 2	(ATTACATATTGCTCCACTGT)	4: AATCACTTTTGCTTATCTTG (7.32)		None		2: ATTACATATTGCTCCACTGT (0.00)		2: ATTACATATTGCTCCACTGT (0.00)		None		None		None		None		None		None		0: GTTAGCAGAAAATGTTGTC (8.44)		0: TAGAATATTCTGCTAC (7.76)		None		None		0: TAGTGTTTTATACTG (7.69)		0: TAGTGTTTTATACTG (7.69)		6: ATATCTAATTGATTTAATT (7.87)		6: ATATCTAATTGATTTAATT (7.87)
RDM_mid_high_likelihood Motif 3	(CTGCCTCGACTATTAGTAAC)	0: ACGGGTCTAAGTT (8.55)		1: TTTGACCTTAAAAACATAAC (8.90)		3: CTGCCTCGACTATTAGTAAC (0.00)		3: CTGCCTCGACTATTAGTAAC (0.00)		None		None		1: TTACTAATGTTTATTTAAA (8.10)		None		None		None		None		None		0: ATAATATATATTAT (8.00)		0: ATAATATATATTAT (8.00)		3: GGTCATTCTTGAAGCTAATG (7.93)		3: GGTCATTCTTGAAGCTAATG (7.93)		3: GACCGTAGGTGATGATTATA (7.64)		3: GACCGTAGGTGATGATTATA (7.64)
RDM_mid_high_post Motif 0	(TTAGCAGCATACTCTGCTAA)	2: GGCATTAGAAAATATAATG (8.25)		0: CTCGTGCTAAGAGGC (8.34)		0: TTAGCAGCATACTCTGCTAA (0.00)		0: TTAGCAGCATACTCTGCTAA (0.00)		0: ATAGTGTATTAATCTATTC (7.35)		0: ATAGTGTATTAATCTATTC (7.42)		0: AAGAAAATTATAATATAAA (6.69)		0: ATATAAAATTATATATAAT (7.32)		None		None		1: AGCAGAATAATCTACCT (6.07)		None		None		None		2: TCGCTATTTCCGCACTTC (7.89)		2: TCGCTATTTCCGCACTTC (7.89)		0: GGTAGAATATTCTGCTA (6.24)		0: GGTAGAATATTCTGCTA (6.24)
RDM_mid_high_post Motif 1	(AAAAATCTGAGGAAAAGGT)	3: CCGTTTCATAGTCAAAAATC (8.74)		2: TACCTCAAGTTGATATCACT (8.85)		1: AAAAATCTGAGGAAAAGGT (0.00)		1: AAAAATCTGAGGAAAAGGT (0.00)		1: AGAATATTCTGCTACCGCA (8.49)		1: AGAATATTCTGCTACCGCA (8.50)		None		None		0: AGATTCATGTCCCCCATTGA (8.29)		0: AGATTCATGTCCCCCATTGA (8.29)		None		None		None		None		1: AGACTGTTTAAACGGAAAA (8.40)		1: AGACTGTTTAAACGGAAAA (8.40)		1: TCTCTAAATTAGA (8.49)		1: TCTCTAAATTAGA (8.49)
RDM_mid_high_post Motif 2	(ATTACATATTGCTCCACTGT)	4: AATCACTTTTGCTTATCTTG (7.32)		None		2: ATTACATATTGCTCCACTGT (0.00)		2: ATTACATATTGCTCCACTGT (0.00)		None		None		None		None		None		None		0: GTTAGCAGAAAATGTTGTC (8.44)		0: TAGAATATTCTGCTAC (7.76)		None		None		0: TAGTGTTTTATACTG (7.69)		0: TAGTGTTTTATACTG (7.69)		6: ATATCTAATTGATTTAATT (7.87)		6: ATATCTAATTGATTTAATT (7.87)
RDM_mid_high_post Motif 3	(CTGCCTCGACTATTAGTAAC)	0: ACGGGTCTAAGTT (8.55)		1: TTTGACCTTAAAAACATAAC (8.90)		3: CTGCCTCGACTATTAGTAAC (0.00)		3: CTGCCTCGACTATTAGTAAC (0.00)		None		None		1: TTACTAATGTTTATTTAAA (8.10)		None		None		None		None		None		0: ATAATATATATTAT (8.00)		0: ATAATATATATTAT (8.00)		3: GGTCATTCTTGAAGCTAATG (7.93)		3: GGTCATTCTTGAAGCTAATG (7.93)		3: GACCGTAGGTGATGATTATA (7.64)		3: GACCGTAGGTGATGATTATA (7.64)
RDM_stat_high_likelihood Motif 0	(ATAGTGTATTAATCTATTC)	3: CCGTTTCATAGTCAAAAATC (7.83)		0: CTCGTGCTAAGAGGC (8.43)		0: TTAGCAGCATACTCTGCTAA (6.95)		0: TTAGCAGCATACTCTGCTAA (6.95)		0: ATAGTGTATTAATCTATTC (0.00)		0: ATAGTGTATTAATCTATTC (0.43)		1: TTACTAATGTTTATTTAAA (7.14)		0: ATATAAAATTATATATAAT (6.67)		0: AGATTCATGTCCCCCATTGA (7.97)		0: AGATTCATGTCCCCCATTGA (7.97)		1: AGCAGAATAATCTACCT (6.36)		None		0: ATAATATATATTAT (6.76)		0: ATAATATATATTAT (6.76)		1: AGACTGTTTAAACGGAAAA (7.87)		1: AGACTGTTTAAACGGAAAA (7.87)		0: GGTAGAATATTCTGCTA (5.58)		0: GGTAGAATATTCTGCTA (5.58)
RDM_stat_high_likelihood Motif 1	(AGAATATTCTGCTACCGCA)	2: GGCATTAGAAAATATAATG (8.51)		2: TACCTCAAGTTGATATCACT (8.76)		3: CTGCCTCGACTATTAGTAAC (8.36)		3: CTGCCTCGACTATTAGTAAC (8.36)		1: AGAATATTCTGCTACCGCA (0.00)		1: AGAATATTCTGCTACCGCA (1.58)		0: AAGAAAATTATAATATAAA (8.61)		None		None		None		0: GTTAGCAGAAAATGTTGTC (8.45)		0: TAGAATATTCTGCTAC (7.77)		None		None		0: TAGTGTTTTATACTG (7.90)		0: TAGTGTTTTATACTG (7.90)		1: TCTCTAAATTAGA (9.06)		1: TCTCTAAATTAGA (9.06)
RDM_stat_high_post Motif 0	(ATAGTGTATTAATCTATTC)	3: CCGTTTCATAGTCAAAAATC (7.89)		0: CTCGTGCTAAGAGGC (8.49)		0: TTAGCAGCATACTCTGCTAA (7.00)		0: TTAGCAGCATACTCTGCTAA (7.00)		0: ATAGTGTATTAATCTATTC (0.43)		0: ATAGTGTATTAATCTATTC (0.00)		1: TTACTAATGTTTATTTAAA (7.21)		0: ATATAAAATTATATATAAT (6.75)		0: AGATTCATGTCCCCCATTGA (7.99)		0: AGATTCATGTCCCCCATTGA (7.99)		1: AGCAGAATAATCTACCT (6.44)		None		0: ATAATATATATTAT (6.84)		0: ATAATATATATTAT (6.84)		1: AGACTGTTTAAACGGAAAA (7.98)		1: AGACTGTTTAAACGGAAAA (7.98)		0: GGTAGAATATTCTGCTA (5.67)		0: GGTAGAATATTCTGCTA (5.67)
RDM_stat_high_post Motif 1	(AGAATATTCTGCTACCGCA)	2: GGCATTAGAAAATATAATG (8.42)		2: TACCTCAAGTTGATATCACT (8.79)		3: CTGCCTCGACTATTAGTAAC (8.49)		3: CTGCCTCGACTATTAGTAAC (8.49)		1: AGAATATTCTGCTACCGCA (1.58)		1: AGAATATTCTGCTACCGCA (0.00)		0: AAGAAAATTATAATATAAA (8.54)		None		None		None		0: GTTAGCAGAAAATGTTGTC (8.27)		0: TAGAATATTCTGCTAC (7.58)		None		None		0: TAGTGTTTTATACTG (7.75)		0: TAGTGTTTTATACTG (7.75)		5: ACAGTAGGAAAAGGAACA (8.88)		5: ACAGTAGGAAAAGGAACA (8.88)
minLIV_log_high_likelihood Motif 0	(AAGAAAATTATAATATAAA)	2: GGCATTAGAAAATATAATG (7.47)		1: TTTGACCTTAAAAACATAAC (8.13)		3: CTGCCTCGACTATTAGTAAC (8.05)		3: CTGCCTCGACTATTAGTAAC (8.05)		1: AGAATATTCTGCTACCGCA (8.61)		1: AGAATATTCTGCTACCGCA (8.54)		0: AAGAAAATTATAATATAAA (0.00)		None		None		None		1: AGCAGAATAATCTACCT (6.80)		0: TAGAATATTCTGCTAC (7.28)		None		None		0: TAGTGTTTTATACTG (6.99)		0: TAGTGTTTTATACTG (6.99)		2: CAATATAACGTTCAATTCTT (6.41)		2: CAATATAACGTTCAATTCTT (6.41)
minLIV_log_high_likelihood Motif 1	(TTACTAATGTTTATTTAAA)	4: AATCACTTTTGCTTATCTTG (8.28)		2: TACCTCAAGTTGATATCACT (7.48)		0: TTAGCAGCATACTCTGCTAA (7.72)		0: TTAGCAGCATACTCTGCTAA (7.72)		0: ATAGTGTATTAATCTATTC (7.14)		0: ATAGTGTATTAATCTATTC (7.21)		1: TTACTAATGTTTATTTAAA (0.00)		0: ATATAAAATTATATATAAT (6.04)		0: AGATTCATGTCCCCCATTGA (7.80)		0: AGATTCATGTCCCCCATTGA (7.80)		0: GTTAGCAGAAAATGTTGTC (8.18)		None		0: ATAATATATATTAT (6.13)		0: ATAATATATATTAT (6.13)		1: AGACTGTTTAAACGGAAAA (8.08)		1: AGACTGTTTAAACGGAAAA (8.08)		0: GGTAGAATATTCTGCTA (7.82)		0: GGTAGAATATTCTGCTA (7.82)
minLIV_log_high_post Motif 0	(ATATAAAATTATATATAAT)	4: AATCACTTTTGCTTATCTTG (6.81)		2: TACCTCAAGTTGATATCACT (7.43)		3: CTGCCTCGACTATTAGTAAC (7.69)		3: CTGCCTCGACTATTAGTAAC (7.69)		0: ATAGTGTATTAATCTATTC (6.67)		0: ATAGTGTATTAATCTATTC (6.75)		1: TTACTAATGTTTATTTAAA (6.04)		0: ATATAAAATTATATATAAT (0.00)		0: AGATTCATGTCCCCCATTGA (7.92)		0: AGATTCATGTCCCCCATTGA (7.92)		1: AGCAGAATAATCTACCT (7.71)		0: TAGAATATTCTGCTAC (6.67)		0: ATAATATATATTAT (6.81)		0: ATAATATATATTAT (6.81)		3: GGTCATTCTTGAAGCTAATG (7.19)		3: GGTCATTCTTGAAGCTAATG (7.19)		0: GGTAGAATATTCTGCTA (7.19)		0: GGTAGAATATTCTGCTA (7.19)
minLIV_mid_high_likelihood Motif 0	(AGATTCATGTCCCCCATTGA)	0: ACGGGTCTAAGTT (8.30)		1: TTTGACCTTAAAAACATAAC (8.14)		1: AAAAATCTGAGGAAAAGGT (8.34)		1: AAAAATCTGAGGAAAAGGT (8.34)		0: ATAGTGTATTAATCTATTC (7.97)		0: ATAGTGTATTAATCTATTC (7.99)		1: TTACTAATGTTTATTTAAA (7.80)		0: ATATAAAATTATATATAAT (7.68)		0: AGATTCATGTCCCCCATTGA (0.00)		0: AGATTCATGTCCCCCATTGA (0.00)		0: GTTAGCAGAAAATGTTGTC (8.34)		0: TAGAATATTCTGCTAC (8.25)		0: ATAATATATATTAT (7.28)		0: ATAATATATATTAT (7.28)		1: AGACTGTTTAAACGGAAAA (8.09)		1: AGACTGTTTAAACGGAAAA (8.09)		5: ACAGTAGGAAAAGGAACA (7.75)		5: ACAGTAGGAAAAGGAACA (7.75)
minLIV_mid_high_post Motif 0	(AGATTCATGTCCCCCATTGA)	0: ACGGGTCTAAGTT (8.30)		1: TTTGACCTTAAAAACATAAC (8.14)		1: AAAAATCTGAGGAAAAGGT (8.34)		1: AAAAATCTGAGGAAAAGGT (8.34)		0: ATAGTGTATTAATCTATTC (7.97)		0: ATAGTGTATTAATCTATTC (7.99)		1: TTACTAATGTTTATTTAAA (7.80)		0: ATATAAAATTATATATAAT (7.68)		0: AGATTCATGTCCCCCATTGA (0.00)		0: AGATTCATGTCCCCCATTGA (0.00)		0: GTTAGCAGAAAATGTTGTC (8.34)		0: TAGAATATTCTGCTAC (8.25)		0: ATAATATATATTAT (7.28)		0: ATAATATATATTAT (7.28)		1: AGACTGTTTAAACGGAAAA (8.09)		1: AGACTGTTTAAACGGAAAA (8.09)		5: ACAGTAGGAAAAGGAACA (7.75)		5: ACAGTAGGAAAAGGAACA (7.75)
minLIV_stat_high_likelihood Motif 0	(GTTAGCAGAAAATGTTGTC)	2: GGCATTAGAAAATATAATG (7.33)		1: TTTGACCTTAAAAACATAAC (8.24)		0: TTAGCAGCATACTCTGCTAA (8.17)		0: TTAGCAGCATACTCTGCTAA (8.17)		1: AGAATATTCTGCTACCGCA (8.45)		1: AGAATATTCTGCTACCGCA (8.27)		1: TTACTAATGTTTATTTAAA (8.18)		None		None		None		0: GTTAGCAGAAAATGTTGTC (0.00)		0: TAGAATATTCTGCTAC (4.96)		0: ATAATATATATTAT (7.00)		0: ATAATATATATTAT (7.00)		0: TAGTGTTTTATACTG (5.25)		0: TAGTGTTTTATACTG (5.25)		5: ACAGTAGGAAAAGGAACA (7.53)		5: ACAGTAGGAAAAGGAACA (7.53)
minLIV_stat_high_likelihood Motif 1	(AGCAGAATAATCTACCT)	4: AATCACTTTTGCTTATCTTG (7.83)		2: TACCTCAAGTTGATATCACT (8.43)		3: CTGCCTCGACTATTAGTAAC (8.13)		3: CTGCCTCGACTATTAGTAAC (8.13)		0: ATAGTGTATTAATCTATTC (6.36)		0: ATAGTGTATTAATCTATTC (6.44)		0: AAGAAAATTATAATATAAA (6.80)		0: ATATAAAATTATATATAAT (7.71)		0: AGATTCATGTCCCCCATTGA (8.60)		0: AGATTCATGTCCCCCATTGA (8.60)		1: AGCAGAATAATCTACCT (0.00)		None		None		None		3: GGTCATTCTTGAAGCTAATG (7.93)		3: GGTCATTCTTGAAGCTAATG (7.93)		0: GGTAGAATATTCTGCTA (5.79)		0: GGTAGAATATTCTGCTA (5.79)
minLIV_stat_high_post Motif 0	(TAGAATATTCTGCTAC)	2: GGCATTAGAAAATATAATG (7.13)		1: TTTGACCTTAAAAACATAAC (7.95)		2: ATTACATATTGCTCCACTGT (7.76)		2: ATTACATATTGCTCCACTGT (7.76)		1: AGAATATTCTGCTACCGCA (7.77)		1: AGAATATTCTGCTACCGCA (7.58)		0: AAGAAAATTATAATATAAA (7.12)		0: ATATAAAATTATATATAAT (7.50)		0: AGATTCATGTCCCCCATTGA (8.25)		0: AGATTCATGTCCCCCATTGA (8.25)		0: GTTAGCAGAAAATGTTGTC (3.87)		0: TAGAATATTCTGCTAC (0.00)		0: ATAATATATATTAT (7.01)		0: ATAATATATATTAT (7.01)		0: TAGTGTTTTATACTG (4.35)		0: TAGTGTTTTATACTG (4.35)		3: GACCGTAGGTGATGATTATA (7.60)		3: GACCGTAGGTGATGATTATA (7.60)
min_log_high_likelihood Motif 0	(ATAATATATATTAT)	0: ACGGGTCTAAGTT (7.61)		0: CTCGTGCTAAGAGGC (7.85)		3: CTGCCTCGACTATTAGTAAC (8.00)		3: CTGCCTCGACTATTAGTAAC (8.00)		0: ATAGTGTATTAATCTATTC (6.76)		0: ATAGTGTATTAATCTATTC (6.84)		1: TTACTAATGTTTATTTAAA (6.13)		0: ATATAAAATTATATATAAT (6.19)		0: AGATTCATGTCCCCCATTGA (7.28)		0: AGATTCATGTCCCCCATTGA (7.28)		1: AGCAGAATAATCTACCT (7.56)		0: TAGAATATTCTGCTAC (7.01)		0: ATAATATATATTAT (0.00)		0: ATAATATATATTAT (0.00)		0: TAGTGTTTTATACTG (6.68)		0: TAGTGTTTTATACTG (6.68)		0: GGTAGAATATTCTGCTA (6.19)		0: GGTAGAATATTCTGCTA (6.19)
min_log_high_post Motif 0	(ATAATATATATTAT)	0: ACGGGTCTAAGTT (7.61)		0: CTCGTGCTAAGAGGC (7.85)		3: CTGCCTCGACTATTAGTAAC (8.00)		3: CTGCCTCGACTATTAGTAAC (8.00)		0: ATAGTGTATTAATCTATTC (6.76)		0: ATAGTGTATTAATCTATTC (6.84)		1: TTACTAATGTTTATTTAAA (6.13)		0: ATATAAAATTATATATAAT (6.19)		0: AGATTCATGTCCCCCATTGA (7.28)		0: AGATTCATGTCCCCCATTGA (7.28)		1: AGCAGAATAATCTACCT (7.56)		0: TAGAATATTCTGCTAC (7.01)		0: ATAATATATATTAT (0.00)		0: ATAATATATATTAT (0.00)		0: TAGTGTTTTATACTG (6.68)		0: TAGTGTTTTATACTG (6.68)		0: GGTAGAATATTCTGCTA (6.19)		0: GGTAGAATATTCTGCTA (6.19)
min_mid_high_likelihood Motif 0	(TAGTGTTTTATACTG)	2: GGCATTAGAAAATATAATG (6.85)		2: TACCTCAAGTTGATATCACT (7.92)		2: ATTACATATTGCTCCACTGT (7.69)		2: ATTACATATTGCTCCACTGT (7.69)		1: AGAATATTCTGCTACCGCA (7.90)		1: AGAATATTCTGCTACCGCA (7.75)		0: AAGAAAATTATAATATAAA (6.99)		None		None		None		0: GTTAGCAGAAAATGTTGTC (5.25)		0: TAGAATATTCTGCTAC (4.35)		0: ATAATATATATTAT (7.31)		0: ATAATATATATTAT (7.31)		0: TAGTGTTTTATACTG (0.00)		0: TAGTGTTTTATACTG (0.00)		3: GACCGTAGGTGATGATTATA (7.25)		3: GACCGTAGGTGATGATTATA (7.25)
min_mid_high_likelihood Motif 1	(AGACTGTTTAAACGGAAAA)	3: CCGTTTCATAGTCAAAAATC (7.79)		1: TTTGACCTTAAAAACATAAC (7.89)		1: AAAAATCTGAGGAAAAGGT (8.40)		1: AAAAATCTGAGGAAAAGGT (8.40)		0: ATAGTGTATTAATCTATTC (7.87)		0: ATAGTGTATTAATCTATTC (7.98)		1: TTACTAATGTTTATTTAAA (8.08)		None		0: AGATTCATGTCCCCCATTGA (8.09)		0: AGATTCATGTCCCCCATTGA (8.09)		None		None		None		None		1: AGACTGTTTAAACGGAAAA (0.00)		1: AGACTGTTTAAACGGAAAA (0.00)		1: TCTCTAAATTAGA (7.57)		1: TCTCTAAATTAGA (7.57)
min_mid_high_likelihood Motif 2	(TCGCTATTTCCGCACTTC)	1: ATAGGACGGGTGAGGAA (8.77)		0: CTCGTGCTAAGAGGC (8.22)		0: TTAGCAGCATACTCTGCTAA (7.89)		0: TTAGCAGCATACTCTGCTAA (7.89)		None		None		None		None		None		None		None		None		None		None		2: TCGCTATTTCCGCACTTC (0.00)		2: TCGCTATTTCCGCACTTC (0.00)		6: ATATCTAATTGATTTAATT (8.62)		6: ATATCTAATTGATTTAATT (8.62)
min_mid_high_likelihood Motif 3	(GGTCATTCTTGAAGCTAATG)	4: AATCACTTTTGCTTATCTTG (8.21)		None		3: CTGCCTCGACTATTAGTAAC (7.93)		3: CTGCCTCGACTATTAGTAAC (7.93)		None		None		None		0: ATATAAAATTATATATAAT (7.19)		None		None		None		None		None		None		3: GGTCATTCTTGAAGCTAATG (0.00)		3: GGTCATTCTTGAAGCTAATG (0.00)		0: GGTAGAATATTCTGCTA (7.43)		0: GGTAGAATATTCTGCTA (7.43)
min_mid_high_likelihood Motif 4	(GTCATGGTCGTCGTGGTA)	0: ACGGGTCTAAGTT (7.95)		None		None		None		None		None		None		None		None		None		1: AGCAGAATAATCTACCT (8.37)		None		None		None		4: GTCATGGTCGTCGTGGTA (0.00)		4: GTCATGGTCGTCGTGGTA (0.00)		2: CAATATAACGTTCAATTCTT (8.09)		2: CAATATAACGTTCAATTCTT (8.09)
min_mid_high_post Motif 0	(TAGTGTTTTATACTG)	2: GGCATTAGAAAATATAATG (6.85)		2: TACCTCAAGTTGATATCACT (7.92)		2: ATTACATATTGCTCCACTGT (7.69)		2: ATTACATATTGCTCCACTGT (7.69)		1: AGAATATTCTGCTACCGCA (7.90)		1: AGAATATTCTGCTACCGCA (7.75)		0: AAGAAAATTATAATATAAA (6.99)		None		None		None		0: GTTAGCAGAAAATGTTGTC (5.25)		0: TAGAATATTCTGCTAC (4.35)		0: ATAATATATATTAT (7.31)		0: ATAATATATATTAT (7.31)		0: TAGTGTTTTATACTG (0.00)		0: TAGTGTTTTATACTG (0.00)		3: GACCGTAGGTGATGATTATA (7.25)		3: GACCGTAGGTGATGATTATA (7.25)
min_mid_high_post Motif 1	(AGACTGTTTAAACGGAAAA)	3: CCGTTTCATAGTCAAAAATC (7.79)		1: TTTGACCTTAAAAACATAAC (7.89)		1: AAAAATCTGAGGAAAAGGT (8.40)		1: AAAAATCTGAGGAAAAGGT (8.40)		0: ATAGTGTATTAATCTATTC (7.87)		0: ATAGTGTATTAATCTATTC (7.98)		1: TTACTAATGTTTATTTAAA (8.08)		None		0: AGATTCATGTCCCCCATTGA (8.09)		0: AGATTCATGTCCCCCATTGA (8.09)		None		None		None		None		1: AGACTGTTTAAACGGAAAA (0.00)		1: AGACTGTTTAAACGGAAAA (0.00)		1: TCTCTAAATTAGA (7.57)		1: TCTCTAAATTAGA (7.57)
min_mid_high_post Motif 2	(TCGCTATTTCCGCACTTC)	1: ATAGGACGGGTGAGGAA (8.77)		0: CTCGTGCTAAGAGGC (8.22)		0: TTAGCAGCATACTCTGCTAA (7.89)		0: TTAGCAGCATACTCTGCTAA (7.89)		None		None		None		None		None		None		None		None		None		None		2: TCGCTATTTCCGCACTTC (0.00)		2: TCGCTATTTCCGCACTTC (0.00)		6: ATATCTAATTGATTTAATT (8.62)		6: ATATCTAATTGATTTAATT (8.62)
min_mid_high_post Motif 3	(GGTCATTCTTGAAGCTAATG)	4: AATCACTTTTGCTTATCTTG (8.21)		None		3: CTGCCTCGACTATTAGTAAC (7.93)		3: CTGCCTCGACTATTAGTAAC (7.93)		None		None		None		0: ATATAAAATTATATATAAT (7.19)		None		None		None		None		None		None		3: GGTCATTCTTGAAGCTAATG (0.00)		3: GGTCATTCTTGAAGCTAATG (0.00)		0: GGTAGAATATTCTGCTA (7.43)		0: GGTAGAATATTCTGCTA (7.43)
min_mid_high_post Motif 4	(GTCATGGTCGTCGTGGTA)	0: ACGGGTCTAAGTT (7.95)		None		None		None		None		None		None		None		None		None		1: AGCAGAATAATCTACCT (8.37)		None		None		None		4: GTCATGGTCGTCGTGGTA (0.00)		4: GTCATGGTCGTCGTGGTA (0.00)		2: CAATATAACGTTCAATTCTT (8.09)		2: CAATATAACGTTCAATTCTT (8.09)
min_stat_high_likelihood Motif 0	(GGTAGAATATTCTGCTA)	1: ATAGGACGGGTGAGGAA (7.13)		None		None		None		0: ATAGTGTATTAATCTATTC (5.58)		0: ATAGTGTATTAATCTATTC (5.67)		0: AAGAAAATTATAATATAAA (6.71)		0: ATATAAAATTATATATAAT (7.19)		None		None		1: AGCAGAATAATCTACCT (5.79)		0: TAGAATATTCTGCTAC (5.24)		0: ATAATATATATTAT (6.19)		0: ATAATATATATTAT (6.19)		3: GGTCATTCTTGAAGCTAATG (6.68)		3: GGTCATTCTTGAAGCTAATG (6.68)		0: GGTAGAATATTCTGCTA (0.00)		0: GGTAGAATATTCTGCTA (0.00)
min_stat_high_likelihood Motif 1	(TCTCTAAATTAGA)	3: CCGTTTCATAGTCAAAAATC (8.05)		0: CTCGTGCTAAGAGGC (7.26)		1: AAAAATCTGAGGAAAAGGT (8.49)		1: AAAAATCTGAGGAAAAGGT (8.49)		None		None		None		None		None		None		None		None		None		None		1: AGACTGTTTAAACGGAAAA (7.57)		1: AGACTGTTTAAACGGAAAA (7.57)		1: TCTCTAAATTAGA (0.00)		1: TCTCTAAATTAGA (0.00)
min_stat_high_likelihood Motif 2	(CAATATAACGTTCAATTCTT)	None		None		0: TTAGCAGCATACTCTGCTAA (8.14)		0: TTAGCAGCATACTCTGCTAA (8.14)		None		None		None		None		None		None		None		None		None		None		4: GTCATGGTCGTCGTGGTA (8.09)		4: GTCATGGTCGTCGTGGTA (8.09)		2: CAATATAACGTTCAATTCTT (0.00)		2: CAATATAACGTTCAATTCTT (0.00)
min_stat_high_likelihood Motif 3	(GACCGTAGGTGATGATTATA)	4: AATCACTTTTGCTTATCTTG (8.20)		1: TTTGACCTTAAAAACATAAC (8.03)		3: CTGCCTCGACTATTAGTAAC (7.64)		3: CTGCCTCGACTATTAGTAAC (7.64)		1: AGAATATTCTGCTACCGCA (8.12)		1: AGAATATTCTGCTACCGCA (8.00)		1: TTACTAATGTTTATTTAAA (8.42)		None		None		None		0: GTTAGCAGAAAATGTTGTC (7.28)		None		None		None		0: TAGTGTTTTATACTG (7.25)		0: TAGTGTTTTATACTG (7.25)		3: GACCGTAGGTGATGATTATA (0.00)		3: GACCGTAGGTGATGATTATA (0.00)
min_stat_high_likelihood Motif 4	(TGCTACTGATAACGGTAGCC)	0: ACGGGTCTAAGTT (7.69)		None		None		None		None		None		None		None		None		None		None		None		None		None		None		None		4: TGCTACTGATAACGGTAGCC (0.00)		4: TGCTACTGATAACGGTAGCC (0.00)
min_stat_high_likelihood Motif 5	(ACAGTAGGAAAAGGAACA)	2: GGCATTAGAAAATATAATG (7.28)		None		None		None		None		None		None		None		0: AGATTCATGTCCCCCATTGA (7.75)		0: AGATTCATGTCCCCCATTGA (7.75)		None		None		None		None		None		None		5: ACAGTAGGAAAAGGAACA (0.00)		5: ACAGTAGGAAAAGGAACA (0.00)
min_stat_high_likelihood Motif 6	(ATATCTAATTGATTTAATT)	None		2: TACCTCAAGTTGATATCACT (8.20)		2: ATTACATATTGCTCCACTGT (7.87)		2: ATTACATATTGCTCCACTGT (7.87)		None		None		None		None		None		None		None		None		None		None		2: TCGCTATTTCCGCACTTC (8.62)		2: TCGCTATTTCCGCACTTC (8.62)		6: ATATCTAATTGATTTAATT (0.00)		6: ATATCTAATTGATTTAATT (0.00)
min_stat_high_post Motif 0	(GGTAGAATATTCTGCTA)	1: ATAGGACGGGTGAGGAA (7.13)		None		None		None		0: ATAGTGTATTAATCTATTC (5.58)		0: ATAGTGTATTAATCTATTC (5.67)		0: AAGAAAATTATAATATAAA (6.71)		0: ATATAAAATTATATATAAT (7.19)		None		None		1: AGCAGAATAATCTACCT (5.79)		0: TAGAATATTCTGCTAC (5.24)		0: ATAATATATATTAT (6.19)		0: ATAATATATATTAT (6.19)		3: GGTCATTCTTGAAGCTAATG (6.68)		3: GGTCATTCTTGAAGCTAATG (6.68)		0: GGTAGAATATTCTGCTA (0.00)		0: GGTAGAATATTCTGCTA (0.00)
min_stat_high_post Motif 1	(TCTCTAAATTAGA)	3: CCGTTTCATAGTCAAAAATC (8.05)		0: CTCGTGCTAAGAGGC (7.26)		1: AAAAATCTGAGGAAAAGGT (8.49)		1: AAAAATCTGAGGAAAAGGT (8.49)		None		None		None		None		None		None		None		None		None		None		1: AGACTGTTTAAACGGAAAA (7.57)		1: AGACTGTTTAAACGGAAAA (7.57)		1: TCTCTAAATTAGA (0.00)		1: TCTCTAAATTAGA (0.00)
min_stat_high_post Motif 2	(CAATATAACGTTCAATTCTT)	None		None		0: TTAGCAGCATACTCTGCTAA (8.14)		0: TTAGCAGCATACTCTGCTAA (8.14)		None		None		None		None		None		None		None		None		None		None		4: GTCATGGTCGTCGTGGTA (8.09)		4: GTCATGGTCGTCGTGGTA (8.09)		2: CAATATAACGTTCAATTCTT (0.00)		2: CAATATAACGTTCAATTCTT (0.00)
min_stat_high_post Motif 3	(GACCGTAGGTGATGATTATA)	4: AATCACTTTTGCTTATCTTG (8.20)		1: TTTGACCTTAAAAACATAAC (8.03)		3: CTGCCTCGACTATTAGTAAC (7.64)		3: CTGCCTCGACTATTAGTAAC (7.64)		1: AGAATATTCTGCTACCGCA (8.12)		1: AGAATATTCTGCTACCGCA (8.00)		1: TTACTAATGTTTATTTAAA (8.42)		None		None		None		0: GTTAGCAGAAAATGTTGTC (7.28)		None		None		None		0: TAGTGTTTTATACTG (7.25)		0: TAGTGTTTTATACTG (7.25)		3: GACCGTAGGTGATGATTATA (0.00)		3: GACCGTAGGTGATGATTATA (0.00)
min_stat_high_post Motif 4	(TGCTACTGATAACGGTAGCC)	0: ACGGGTCTAAGTT (7.69)		None		None		None		None		None		None		None		None		None		None		None		None		None		None		None		4: TGCTACTGATAACGGTAGCC (0.00)		4: TGCTACTGATAACGGTAGCC (0.00)
min_stat_high_post Motif 5	(ACAGTAGGAAAAGGAACA)	2: GGCATTAGAAAATATAATG (7.28)		None		None		None		None		None		None		None		0: AGATTCATGTCCCCCATTGA (7.75)		0: AGATTCATGTCCCCCATTGA (7.75)		None		None		None		None		None		None		5: ACAGTAGGAAAAGGAACA (0.00)		5: ACAGTAGGAAAAGGAACA (0.00)
min_stat_high_post Motif 6	(ATATCTAATTGATTTAATT)	None		2: TACCTCAAGTTGATATCACT (8.20)		2: ATTACATATTGCTCCACTGT (7.87)		2: ATTACATATTGCTCCACTGT (7.87)		None		None		None		None		None		None		None		None		None		None		2: TCGCTATTTCCGCACTTC (8.62)		2: TCGCTATTTCCGCACTTC (8.62)		6: ATATCTAATTGATTTAATT (0.00)		6: ATATCTAATTGATTTAATT (0.00)
